member_registered_location,Allerdale,Barnet,Bath and North East Somerset,Belfast,Birmingham,Blaenau Gwent,Brent,Brighton and Hove,"Bristol, City of",Cambridge,Camden,Cardiff,Carmarthenshire,Cheltenham,Cheshire West and Chester,City of Edinburgh,City of London,Corby,Coventry,Derby,Enfield,Exeter,Greenwich,Guildford,Gwynedd,Hackney,Hammersmith and Fulham,"Herefordshire, County of",Islington,Lambeth,Leeds,Lewisham,Liverpool,Manchester,Milton Keynes,Monmouthshire,Newcastle upon Tyne,Newham,Norwich,Nottingham,Oxford,Pembrokeshire,Peterborough,Preston,Redbridge,Salford,Sheffield,Shropshire,South Bucks,South Gloucestershire,South Oxfordshire,Southampton,Southwark,Stafford,Swansea,Swindon,Topic,Tower Hamlets,Wandsworth,Warrington,West Berkshire,Westminster,Wigan,Wokingham,Worcester,Wycombe
Cardiff,0.0,0.0,0.0,0.0,0.0,0.0,0.0,0.0,80.0,0.0,0.0,0.0,0.0,0.0,0.0,0.0,20.0,0.0,0.0,0.0,0.0,0.0,0.0,0.0,0.0,0.0,0.0,0.0,0.0,0.0,0.0,0.0,0.0,0.0,0.0,0.0,0.0,0.0,0.0,0.0,0.0,0.0,0.0,0.0,0.0,0.0,0.0,0.0,0.0,0.0,0.0,0.0,0.0,0.0,0.0,0.0,Editorial,0.0,0.0,0.0,0.0,0.0,0.0,0.0,0.0,0.0
Pembrokeshire,0.0,0.0,0.0,0.0,0.0,0.0,0.0,0.0,0.0,0.0,0.0,0.0,0.0,0.0,0.0,0.0,0.0,0.0,0.0,0.0,0.0,0.0,0.0,0.0,0.0,0.0,0.0,0.0,0.0,0.0,0.0,0.0,0.0,0.0,0.0,0.0,0.0,0.0,0.0,0.0,0.0,100.0,0.0,0.0,0.0,0.0,0.0,0.0,0.0,0.0,0.0,0.0,0.0,0.0,0.0,0.0,Editorial,0.0,0.0,0.0,0.0,0.0,0.0,0.0,0.0,0.0
Wrexham,0.0,0.0,0.0,0.0,0.0,0.0,0.0,0.0,0.0,0.0,0.0,0.0,0.0,0.0,0.0,0.0,0.0,0.0,0.0,0.0,100.0,0.0,0.0,0.0,0.0,0.0,0.0,0.0,0.0,0.0,0.0,0.0,0.0,0.0,0.0,0.0,0.0,0.0,0.0,0.0,0.0,0.0,0.0,0.0,0.0,0.0,0.0,0.0,0.0,0.0,0.0,0.0,0.0,0.0,0.0,0.0,Editorial,0.0,0.0,0.0,0.0,0.0,0.0,0.0,0.0,0.0
Bridgend,0.0,0.0,0.0,0.0,0.0,0.0,0.0,0.0,0.0,0.0,11.11111111111111,0.0,0.0,0.0,0.0,0.0,11.11111111111111,0.0,0.0,0.0,0.0,0.0,0.0,0.0,0.0,0.0,0.0,0.0,0.0,0.0,0.0,0.0,0.0,0.0,0.0,0.0,0.0,0.0,0.0,0.0,0.0,0.0,0.0,0.0,0.0,0.0,0.0,0.0,0.0,0.0,0.0,0.0,44.44444444444444,0.0,33.33333333333333,0.0,Makers & Design,0.0,0.0,0.0,0.0,0.0,0.0,0.0,0.0,0.0
Caerphilly,0.0,0.0,50.0,0.0,0.0,0.0,0.0,0.0,0.0,0.0,0.0,12.5,0.0,0.0,0.0,0.0,0.0,0.0,0.0,0.0,0.0,0.0,0.0,0.0,0.0,0.0,0.0,0.0,0.0,0.0,0.0,0.0,0.0,0.0,0.0,12.5,0.0,0.0,0.0,0.0,0.0,0.0,0.0,0.0,0.0,0.0,0.0,0.0,0.0,0.0,0.0,0.0,0.0,0.0,12.5,0.0,Makers & Design,0.0,0.0,0.0,12.5,0.0,0.0,0.0,0.0,0.0
Cardiff,0.0,0.0,1.4598540145985401,0.0,0.0,0.0,0.0,0.0,10.218978102189782,0.0,5.474452554744526,68.24817518248175,0.0,0.0,0.0,0.0,4.37956204379562,0.0,0.0,0.0,0.0,0.0,0.7299270072992701,0.0,0.0,0.0,0.0,0.0,1.094890510948905,0.36496350364963503,0.0,0.0,0.0,0.0,0.0,0.36496350364963503,0.0,0.0,0.0,0.0,0.0,0.0,0.0,0.0,0.36496350364963503,0.0,0.0,0.0,0.0,0.0,0.0,0.0,2.18978102189781,0.0,3.2846715328467155,0.0,Makers & Design,0.7299270072992701,0.0,0.0,0.0,1.094890510948905,0.0,0.0,0.0,0.0
Carmarthenshire,0.0,0.0,0.0,0.0,0.0,0.0,0.0,0.0,0.0,1.9607843137254901,5.88235294117647,0.0,49.01960784313725,0.0,0.0,0.0,7.8431372549019605,0.0,0.0,0.0,0.0,0.0,0.0,0.0,0.0,0.0,0.0,0.0,0.0,0.0,0.0,0.0,0.0,0.0,0.0,0.0,0.0,0.0,0.0,0.0,0.0,0.0,0.0,0.0,0.0,0.0,0.0,0.0,0.0,0.0,0.0,0.0,0.0,0.0,35.294117647058826,0.0,Makers & Design,0.0,0.0,0.0,0.0,0.0,0.0,0.0,0.0,0.0
Ceredigion,0.0,0.0,0.0,0.0,0.0,0.0,0.0,0.0,0.0,0.0,0.0,0.0,0.0,0.0,0.0,0.0,50.0,0.0,0.0,0.0,0.0,0.0,0.0,0.0,0.0,0.0,0.0,0.0,0.0,0.0,0.0,0.0,0.0,0.0,0.0,0.0,0.0,0.0,0.0,0.0,0.0,0.0,0.0,0.0,0.0,0.0,0.0,0.0,0.0,0.0,0.0,0.0,0.0,0.0,50.0,0.0,Makers & Design,0.0,0.0,0.0,0.0,0.0,0.0,0.0,0.0,0.0
Conwy,0.0,0.0,0.0,0.0,0.0,0.0,0.0,0.0,0.0,0.0,0.0,0.0,0.0,0.0,0.0,0.0,0.0,0.0,0.0,0.0,0.0,0.0,0.0,0.0,0.0,0.0,0.0,0.0,0.0,0.0,0.0,0.0,0.0,0.0,0.0,0.0,0.0,0.0,0.0,0.0,0.0,0.0,0.0,0.0,0.0,0.0,0.0,0.0,0.0,0.0,0.0,0.0,0.0,0.0,0.0,0.0,Makers & Design,0.0,0.0,0.0,0.0,0.0,100.0,0.0,0.0,0.0
Denbighshire,0.0,0.0,0.0,0.0,0.0,0.0,0.0,0.0,0.0,0.0,0.0,0.0,0.0,0.0,0.0,0.0,0.0,0.0,0.0,0.0,0.0,0.0,0.0,0.0,0.0,0.0,0.0,0.0,0.0,0.0,0.0,0.0,0.0,0.0,0.0,0.0,0.0,0.0,0.0,0.0,0.0,0.0,0.0,0.0,0.0,0.0,0.0,0.0,0.0,0.0,0.0,0.0,0.0,0.0,0.0,0.0,Makers & Design,0.0,0.0,0.0,0.0,0.0,100.0,0.0,0.0,0.0
Flintshire,0.0,0.0,0.0,0.0,0.0,0.0,0.0,0.0,0.0,0.0,0.0,0.0,0.0,0.0,0.0,0.0,15.384615384615385,0.0,0.0,0.0,0.0,0.0,0.0,0.0,0.0,0.0,0.0,0.0,0.0,7.6923076923076925,0.0,0.0,23.076923076923077,23.076923076923077,0.0,0.0,0.0,0.0,0.0,0.0,0.0,0.0,0.0,0.0,0.0,7.6923076923076925,0.0,0.0,0.0,0.0,0.0,0.0,0.0,0.0,0.0,0.0,Makers & Design,0.0,0.0,15.384615384615385,0.0,0.0,7.6923076923076925,0.0,0.0,0.0
Gwynedd,0.0,0.0,0.0,0.0,0.0,0.0,0.0,0.0,0.0,0.0,0.0,0.0,0.0,0.0,0.0,0.0,0.0,0.0,0.0,0.0,0.0,0.0,0.0,0.0,0.0,0.0,0.0,0.0,0.0,0.0,0.0,0.0,0.0,100.0,0.0,0.0,0.0,0.0,0.0,0.0,0.0,0.0,0.0,0.0,0.0,0.0,0.0,0.0,0.0,0.0,0.0,0.0,0.0,0.0,0.0,0.0,Makers & Design,0.0,0.0,0.0,0.0,0.0,0.0,0.0,0.0,0.0
Merthyr Tydfil,0.0,0.0,0.0,0.0,0.0,0.0,0.0,0.0,0.0,0.0,0.0,100.0,0.0,0.0,0.0,0.0,0.0,0.0,0.0,0.0,0.0,0.0,0.0,0.0,0.0,0.0,0.0,0.0,0.0,0.0,0.0,0.0,0.0,0.0,0.0,0.0,0.0,0.0,0.0,0.0,0.0,0.0,0.0,0.0,0.0,0.0,0.0,0.0,0.0,0.0,0.0,0.0,0.0,0.0,0.0,0.0,Makers & Design,0.0,0.0,0.0,0.0,0.0,0.0,0.0,0.0,0.0
Monmouthshire,0.0,0.0,33.33333333333333,0.0,2.564102564102564,0.0,0.0,0.0,46.15384615384615,0.0,0.0,0.0,0.0,0.0,0.0,0.0,0.0,0.0,0.0,0.0,0.0,0.0,0.0,0.0,0.0,0.0,0.0,0.0,0.0,0.0,0.0,0.0,0.0,0.0,0.0,17.94871794871795,0.0,0.0,0.0,0.0,0.0,0.0,0.0,0.0,0.0,0.0,0.0,0.0,0.0,0.0,0.0,0.0,0.0,0.0,0.0,0.0,Makers & Design,0.0,0.0,0.0,0.0,0.0,0.0,0.0,0.0,0.0
Neath Port Talbot,0.0,0.0,0.0,0.0,0.0,0.0,0.0,0.0,0.0,0.0,0.0,18.181818181818183,0.0,0.0,0.0,0.0,0.0,0.0,0.0,0.0,0.0,0.0,0.0,0.0,0.0,0.0,0.0,0.0,0.0,0.0,0.0,0.0,0.0,0.0,0.0,0.0,0.0,0.0,0.0,0.0,0.0,0.0,0.0,0.0,0.0,0.0,0.0,0.0,0.0,0.0,0.0,0.0,0.0,0.0,81.81818181818183,0.0,Makers & Design,0.0,0.0,0.0,0.0,0.0,0.0,0.0,0.0,0.0
Newport,0.0,0.0,39.285714285714285,0.0,0.0,0.0,0.0,0.0,25.0,0.0,0.0,28.57142857142857,0.0,0.0,0.0,0.0,0.0,0.0,0.0,0.0,0.0,0.0,0.0,0.0,0.0,0.0,0.0,0.0,0.0,0.0,0.0,0.0,0.0,0.0,0.0,0.0,0.0,0.0,0.0,0.0,0.0,0.0,0.0,0.0,0.0,0.0,0.0,0.0,0.0,0.0,0.0,0.0,0.0,0.0,3.571428571428571,0.0,Makers & Design,0.0,0.0,0.0,0.0,3.571428571428571,0.0,0.0,0.0,0.0
Pembrokeshire,0.0,0.0,0.0,0.0,0.0,0.0,0.0,0.0,0.0,0.0,0.0,0.0,0.0,0.0,0.0,0.0,50.0,0.0,0.0,0.0,0.0,0.0,0.0,0.0,0.0,0.0,0.0,0.0,0.0,0.0,0.0,0.0,0.0,0.0,0.0,0.0,0.0,0.0,0.0,0.0,0.0,0.0,0.0,0.0,0.0,0.0,0.0,0.0,0.0,0.0,0.0,0.0,0.0,0.0,50.0,0.0,Makers & Design,0.0,0.0,0.0,0.0,0.0,0.0,0.0,0.0,0.0
Powys,0.0,0.0,0.0,0.0,0.0,0.0,0.0,0.0,0.0,0.0,26.31578947368421,0.0,0.0,0.0,0.0,0.0,0.0,0.0,0.0,0.0,0.0,0.0,0.0,0.0,0.0,0.0,0.0,0.0,0.0,0.0,0.0,0.0,0.0,0.0,0.0,0.0,0.0,0.0,0.0,0.0,0.0,0.0,0.0,0.0,0.0,0.0,0.0,0.0,0.0,0.0,0.0,0.0,0.0,0.0,63.1578947368421,0.0,Makers & Design,0.0,0.0,0.0,0.0,10.526315789473683,0.0,0.0,0.0,0.0
Rhondda Cynon Taf,0.0,0.0,0.0,0.0,25.0,0.0,0.0,0.0,12.5,0.0,12.5,12.5,0.0,0.0,0.0,0.0,0.0,0.0,0.0,0.0,0.0,0.0,0.0,0.0,0.0,0.0,0.0,0.0,0.0,0.0,0.0,0.0,0.0,0.0,0.0,0.0,0.0,0.0,0.0,0.0,0.0,0.0,0.0,0.0,0.0,0.0,0.0,0.0,0.0,0.0,0.0,0.0,0.0,0.0,37.5,0.0,Makers & Design,0.0,0.0,0.0,0.0,0.0,0.0,0.0,0.0,0.0
Swansea,0.0,0.0,0.0,0.0,0.0,0.0,0.2178649237472767,0.0,0.2178649237472767,0.0,0.2178649237472767,3.9215686274509802,0.0,0.0,0.0,0.0,0.6535947712418301,0.0,0.0,0.0,0.0,0.0,0.0,0.0,0.0,0.2178649237472767,0.0,0.0,0.0,0.0,0.0,0.0,0.0,0.0,0.0,0.0,0.0,0.0,0.0,0.0,0.0,0.0,0.0,0.0,0.0,0.0,0.0,0.0,0.0,0.0,0.0,0.0,0.0,0.0,94.55337690631809,0.0,Makers & Design,0.0,0.0,0.0,0.0,0.0,0.0,0.0,0.0,0.0
Torfaen,0.0,0.0,0.0,0.0,0.0,0.0,0.0,0.0,0.0,0.0,0.0,100.0,0.0,0.0,0.0,0.0,0.0,0.0,0.0,0.0,0.0,0.0,0.0,0.0,0.0,0.0,0.0,0.0,0.0,0.0,0.0,0.0,0.0,0.0,0.0,0.0,0.0,0.0,0.0,0.0,0.0,0.0,0.0,0.0,0.0,0.0,0.0,0.0,0.0,0.0,0.0,0.0,0.0,0.0,0.0,0.0,Makers & Design,0.0,0.0,0.0,0.0,0.0,0.0,0.0,0.0,0.0
Vale of Glamorgan,0.0,0.0,0.0,0.0,0.0,0.0,0.0,0.0,6.451612903225806,0.0,9.67741935483871,74.19354838709677,0.0,0.0,0.0,0.0,0.0,0.0,0.0,0.0,0.0,0.0,0.0,0.0,0.0,0.0,0.0,0.0,0.0,0.0,0.0,0.0,0.0,0.0,0.0,0.0,0.0,0.0,0.0,0.0,0.0,0.0,0.0,0.0,3.225806451612903,0.0,0.0,0.0,0.0,0.0,0.0,0.0,0.0,0.0,6.451612903225806,0.0,Makers & Design,0.0,0.0,0.0,0.0,0.0,0.0,0.0,0.0,0.0
Wrexham,0.0,0.0,0.0,0.0,0.0,0.0,0.0,0.0,0.0,0.0,0.0,0.0,0.0,0.0,0.0,0.0,0.0,0.0,0.0,0.0,0.0,0.0,0.0,0.0,0.0,0.0,0.0,0.0,0.0,0.0,0.0,0.0,100.0,0.0,0.0,0.0,0.0,0.0,0.0,0.0,0.0,0.0,0.0,0.0,0.0,0.0,0.0,0.0,0.0,0.0,0.0,0.0,0.0,0.0,0.0,0.0,Makers & Design,0.0,0.0,0.0,0.0,0.0,0.0,0.0,0.0,0.0
Blaenau Gwent,0.0,0.0,0.0,0.0,0.0,100.0,0.0,0.0,0.0,0.0,0.0,0.0,0.0,0.0,0.0,0.0,0.0,0.0,0.0,0.0,0.0,0.0,0.0,0.0,0.0,0.0,0.0,0.0,0.0,0.0,0.0,0.0,0.0,0.0,0.0,0.0,0.0,0.0,0.0,0.0,0.0,0.0,0.0,0.0,0.0,0.0,0.0,0.0,0.0,0.0,0.0,0.0,0.0,0.0,0.0,0.0,Business,0.0,0.0,0.0,0.0,0.0,0.0,0.0,0.0,0.0
Bridgend,0.0,0.0,0.0,0.0,0.0,0.0,0.0,0.0,6.349206349206349,0.0,0.0,82.53968253968253,0.0,0.0,0.0,0.0,3.1746031746031744,0.0,0.0,0.0,0.0,0.0,0.0,0.0,0.0,0.0,0.0,0.0,0.0,0.0,0.0,0.0,0.0,0.0,0.0,0.0,0.0,0.0,0.0,0.0,0.0,0.0,0.0,0.0,0.0,0.0,0.0,0.0,0.0,0.0,0.0,0.0,0.0,0.0,6.349206349206349,0.0,Business,0.0,0.0,0.0,0.0,1.5873015873015872,0.0,0.0,0.0,0.0
Caerphilly,0.0,0.0,4.545454545454546,0.0,0.0,0.0,0.0,0.0,1.1363636363636365,0.0,4.545454545454546,76.13636363636364,0.0,0.0,0.0,0.0,5.681818181818182,0.0,0.0,0.0,0.0,0.0,0.0,0.0,0.0,0.0,0.0,0.0,1.1363636363636365,0.0,0.0,0.0,0.0,0.0,0.0,1.1363636363636365,0.0,0.0,0.0,0.0,0.0,0.0,0.0,0.0,0.0,0.0,0.0,0.0,0.0,0.0,0.0,0.0,0.0,0.0,1.1363636363636365,3.4090909090909087,Business,0.0,0.0,0.0,1.1363636363636365,0.0,0.0,0.0,0.0,0.0
Cardiff,0.0,0.0,0.2635740643120717,0.05271481286241434,0.158144438587243,0.05271481286241434,0.0,0.21085925144965736,4.902477596204533,0.0,0.9488666315234582,87.13758566157091,0.0,0.05271481286241434,0.0,0.0,0.8961518186610438,0.0,0.0,0.05271481286241434,0.0,0.0,0.10542962572482868,0.42171850289931473,0.0,0.316288877174486,0.0,0.0,0.8434370057986295,0.05271481286241434,0.10542962572482868,0.0,0.0,0.4744333157617291,0.0,0.05271481286241434,0.0,0.0,0.05271481286241434,0.10542962572482868,0.0,0.0,0.0,0.0,0.05271481286241434,0.0,0.0,0.0,0.0,0.0,0.10542962572482868,0.21085925144965736,0.2635740643120717,0.05271481286241434,1.3178703215603584,0.0,Business,0.05271481286241434,0.0,0.05271481286241434,0.0,0.5798629414865577,0.0,0.0,0.05271481286241434,0.0
Carmarthenshire,0.0,0.0,0.0,0.0,0.0,0.0,0.0,0.0,0.0,1.8518518518518516,11.11111111111111,11.11111111111111,0.0,0.0,0.0,0.0,11.11111111111111,0.0,0.0,0.0,0.0,0.0,0.0,0.0,0.0,0.0,0.0,0.0,18.51851851851852,0.0,0.0,0.0,0.0,0.0,0.0,0.0,0.0,0.0,0.0,0.0,0.0,0.0,0.0,0.0,0.0,0.0,0.0,0.0,1.8518518518518516,0.0,0.0,0.0,1.8518518518518516,0.0,42.592592592592595,0.0,Business,0.0,0.0,0.0,0.0,0.0,0.0,0.0,0.0,0.0
Ceredigion,0.0,0.0,0.0,0.0,0.0,0.0,0.0,0.0,0.0,0.0,0.0,92.85714285714286,0.0,0.0,0.0,0.0,3.571428571428571,0.0,0.0,0.0,0.0,0.0,0.0,0.0,0.0,0.0,0.0,0.0,0.0,0.0,0.0,0.0,0.0,0.0,0.0,0.0,0.0,0.0,0.0,0.0,0.0,0.0,0.0,0.0,0.0,0.0,0.0,0.0,0.0,0.0,0.0,0.0,0.0,0.0,3.571428571428571,0.0,Business,0.0,0.0,0.0,0.0,0.0,0.0,0.0,0.0,0.0
Conwy,0.0,0.0,0.0,0.0,0.0,0.0,0.0,0.0,0.0,0.0,0.0,0.0,0.0,0.0,0.0,0.0,12.5,0.0,0.0,0.0,0.0,0.0,0.0,0.0,75.0,5.0,0.0,0.0,2.5,0.0,0.0,0.0,0.0,0.0,0.0,0.0,0.0,0.0,0.0,0.0,0.0,0.0,0.0,0.0,0.0,0.0,0.0,0.0,0.0,0.0,0.0,0.0,0.0,0.0,0.0,0.0,Business,0.0,0.0,0.0,0.0,0.0,5.0,0.0,0.0,0.0
Denbighshire,0.0,0.0,0.0,0.0,0.0,0.0,0.0,0.0,0.0,0.0,0.0,0.0,0.0,0.0,0.0,0.0,0.0,0.0,0.0,0.0,0.0,0.0,0.0,0.0,31.818181818181817,0.0,0.0,0.0,0.0,0.0,0.0,0.0,0.0,0.0,0.0,0.0,0.0,0.0,0.0,0.0,0.0,0.0,31.818181818181817,0.0,0.0,0.0,0.0,0.0,0.0,0.0,0.0,0.0,0.0,0.0,0.0,0.0,Business,0.0,0.0,31.818181818181817,0.0,0.0,4.545454545454546,0.0,0.0,0.0
Flintshire,0.0,0.0,0.0,0.0,0.0,0.0,0.0,0.0,0.0,0.0,0.0,0.0,0.0,0.0,0.0,0.0,5.405405405405405,0.0,0.0,0.0,0.0,0.0,0.0,0.0,0.0,0.0,0.0,0.0,2.7027027027027026,2.7027027027027026,2.7027027027027026,0.0,16.216216216216218,43.24324324324324,0.0,0.0,0.0,0.0,0.0,0.0,0.0,0.0,0.0,0.0,0.0,2.7027027027027026,0.0,0.0,0.0,0.0,0.0,0.0,0.0,0.0,0.0,0.0,Business,0.0,8.108108108108109,5.405405405405405,0.0,8.108108108108109,2.7027027027027026,0.0,0.0,0.0
Gwynedd,0.0,0.0,0.0,0.0,0.0,0.0,0.0,0.0,0.0,0.0,0.0,0.0,0.0,0.0,0.0,0.0,0.33112582781456956,0.0,0.0,0.0,0.0,0.0,0.0,0.0,90.39735099337747,0.0,0.0,0.0,0.33112582781456956,0.0,0.0,0.0,0.0,8.940397350993377,0.0,0.0,0.0,0.0,0.0,0.0,0.0,0.0,0.0,0.0,0.0,0.0,0.0,0.0,0.0,0.0,0.0,0.0,0.0,0.0,0.0,0.0,Business,0.0,0.0,0.0,0.0,0.0,0.0,0.0,0.0,0.0
Isle of Anglesey,0.0,0.0,0.0,0.0,0.0,0.0,0.0,0.0,0.0,0.0,4.0,0.0,0.0,0.0,0.0,0.0,0.0,0.0,0.0,0.0,0.0,0.0,0.0,0.0,92.0,0.0,0.0,0.0,4.0,0.0,0.0,0.0,0.0,0.0,0.0,0.0,0.0,0.0,0.0,0.0,0.0,0.0,0.0,0.0,0.0,0.0,0.0,0.0,0.0,0.0,0.0,0.0,0.0,0.0,0.0,0.0,Business,0.0,0.0,0.0,0.0,0.0,0.0,0.0,0.0,0.0
Merthyr Tydfil,0.0,0.0,0.0,0.0,0.0,0.0,0.0,0.0,0.0,0.0,33.33333333333333,66.66666666666666,0.0,0.0,0.0,0.0,0.0,0.0,0.0,0.0,0.0,0.0,0.0,0.0,0.0,0.0,0.0,0.0,0.0,0.0,0.0,0.0,0.0,0.0,0.0,0.0,0.0,0.0,0.0,0.0,0.0,0.0,0.0,0.0,0.0,0.0,0.0,0.0,0.0,0.0,0.0,0.0,0.0,0.0,0.0,0.0,Business,0.0,0.0,0.0,0.0,0.0,0.0,0.0,0.0,0.0
Monmouthshire,0.0,0.0,15.887850467289718,0.0,0.0,0.0,0.0,0.0,53.271028037383175,0.0,0.9345794392523363,18.69158878504673,0.0,0.9345794392523363,0.0,0.0,0.0,0.9345794392523363,0.0,0.0,0.0,0.0,0.0,0.0,0.0,0.0,0.0,0.0,0.0,0.0,0.0,0.0,0.0,0.0,0.0,6.5420560747663545,0.0,0.0,0.0,0.0,0.0,0.0,2.803738317757009,0.0,0.0,0.0,0.0,0.0,0.0,0.0,0.0,0.0,0.0,0.0,0.0,0.0,Business,0.0,0.0,0.0,0.0,0.0,0.0,0.0,0.0,0.0
Neath Port Talbot,0.0,0.0,0.0,0.0,0.0,0.0,0.0,0.0,0.0,0.0,0.0,43.47826086956522,0.0,0.0,0.0,0.0,0.0,0.0,0.0,0.0,0.0,0.0,0.0,0.0,0.0,0.0,0.0,0.0,0.0,0.0,0.0,0.0,0.0,0.0,0.0,0.0,0.0,0.0,0.0,0.0,0.0,0.0,0.0,0.0,0.0,0.0,0.0,0.0,0.0,0.0,0.0,0.0,0.0,0.0,56.52173913043478,0.0,Business,0.0,0.0,0.0,0.0,0.0,0.0,0.0,0.0,0.0
Newport,0.0,0.0,5.14018691588785,0.0,0.46728971962616817,0.0,0.0,0.0,4.205607476635514,0.0,0.0,86.91588785046729,0.0,0.0,0.0,0.0,0.9345794392523363,0.0,0.0,0.0,0.0,0.0,0.0,0.0,0.0,0.0,0.0,0.0,0.46728971962616817,0.0,0.0,0.0,0.0,0.0,0.0,0.0,0.0,0.0,0.0,0.0,0.0,0.0,0.0,0.0,0.0,0.0,0.0,0.0,0.0,0.0,0.0,0.0,0.0,0.0,0.46728971962616817,0.46728971962616817,Business,0.0,0.0,0.0,0.0,0.9345794392523363,0.0,0.0,0.0,0.0
Pembrokeshire,0.0,0.0,0.0,0.0,0.0,0.0,0.0,0.0,0.0,0.0,0.0,3.6363636363636362,0.0,0.0,0.0,0.0,0.9090909090909091,0.0,0.0,0.0,0.0,0.0,0.0,0.0,0.0,0.0,0.0,0.0,0.0,0.0,0.0,0.0,0.0,0.0,0.0,0.0,0.0,0.0,0.0,0.0,0.0,94.54545454545455,0.0,0.0,0.0,0.0,0.0,0.0,0.0,0.0,0.0,0.0,0.0,0.0,0.9090909090909091,0.0,Business,0.0,0.0,0.0,0.0,0.0,0.0,0.0,0.0,0.0
Powys,0.0,0.0,0.0,0.0,0.0,0.0,0.0,0.0,2.1739130434782608,0.0,10.869565217391305,0.0,0.0,0.0,0.0,0.0,2.1739130434782608,0.0,0.0,0.0,0.0,0.0,0.0,0.0,0.0,0.0,0.0,0.0,0.0,0.0,0.0,0.0,0.0,0.0,0.0,0.0,0.0,2.1739130434782608,0.0,0.0,0.0,0.0,0.0,0.0,0.0,0.0,0.0,0.0,0.0,0.0,0.0,0.0,36.95652173913043,0.0,30.434782608695656,0.0,Business,0.0,0.0,0.0,0.0,15.217391304347828,0.0,0.0,0.0,0.0
Rhondda Cynon Taf,0.0,0.0,0.0,0.0,1.2345679012345678,0.0,0.0,1.2345679012345678,1.2345679012345678,0.0,1.2345679012345678,66.66666666666666,0.0,0.0,0.0,0.0,12.345679012345679,0.0,0.0,0.0,0.0,0.0,0.0,0.0,0.0,0.0,0.0,0.0,1.2345679012345678,0.0,0.0,0.0,0.0,2.4691358024691357,0.0,0.0,0.0,0.0,0.0,0.0,0.0,0.0,0.0,0.0,0.0,0.0,0.0,0.0,0.0,0.0,0.0,1.2345679012345678,0.0,0.0,6.172839506172839,0.0,Business,3.7037037037037033,0.0,0.0,0.0,1.2345679012345678,0.0,0.0,0.0,0.0
Swansea,0.0,0.0,0.0,0.0,0.0,0.0,0.0,0.4983388704318937,0.6644518272425249,0.0,0.0,5.48172757475083,0.0,0.0,0.0,0.0,3.6544850498338874,0.0,0.0,0.0,0.0,0.0,0.0,0.0,0.0,0.0,0.0,0.0,0.16611295681063123,0.16611295681063123,0.0,0.0,0.0,0.16611295681063123,0.0,0.0,0.0,0.0,0.0,0.0,0.0,0.0,0.0,0.0,0.0,0.0,0.0,0.0,0.0,0.0,0.0,0.0,0.0,0.0,88.70431893687709,0.0,Business,0.0,0.0,0.0,0.0,0.4983388704318937,0.0,0.0,0.0,0.0
Torfaen,0.0,0.0,0.0,0.0,0.0,0.0,0.0,0.0,9.523809523809524,0.0,0.0,85.71428571428571,0.0,0.0,0.0,0.0,0.0,0.0,0.0,0.0,0.0,0.0,0.0,0.0,0.0,0.0,0.0,0.0,0.0,0.0,0.0,0.0,0.0,0.0,0.0,0.0,0.0,0.0,0.0,0.0,0.0,0.0,0.0,0.0,0.0,0.0,0.0,0.0,0.0,0.0,0.0,0.0,0.0,0.0,0.0,0.0,Business,0.0,0.0,0.0,0.0,4.761904761904762,0.0,0.0,0.0,0.0
Vale of Glamorgan,0.0,0.0,0.0,0.0,5.555555555555555,0.0,0.0,2.7777777777777777,6.481481481481481,0.0,2.7777777777777777,74.07407407407408,0.0,0.0,0.0,0.0,1.8518518518518516,0.0,0.0,0.0,0.0,0.0,0.0,0.0,0.0,0.9259259259259258,0.9259259259259258,0.0,0.9259259259259258,0.0,0.0,0.0,0.0,0.0,0.0,0.0,0.0,0.0,0.0,0.0,0.0,0.0,0.0,0.0,0.9259259259259258,0.0,0.0,0.0,0.0,0.0,0.0,0.0,0.0,0.0,1.8518518518518516,0.0,Business,0.0,0.0,0.0,0.0,0.9259259259259258,0.0,0.0,0.0,0.0
Wrexham,0.0,0.0,0.0,0.0,0.0,0.0,0.0,0.0,0.0,0.0,0.0,0.0,0.0,0.0,0.0,0.0,0.0,0.0,0.0,0.0,31.818181818181817,0.0,0.0,0.0,4.545454545454546,0.0,0.0,0.0,0.0,0.0,0.0,0.0,27.27272727272727,22.727272727272727,4.545454545454546,0.0,0.0,0.0,0.0,0.0,0.0,0.0,0.0,0.0,0.0,0.0,0.0,0.0,0.0,0.0,0.0,0.0,0.0,0.0,0.0,0.0,Business,0.0,0.0,4.545454545454546,0.0,4.545454545454546,0.0,0.0,0.0,0.0
Bridgend,0.0,0.0,0.0,0.0,0.0,0.0,0.0,0.0,0.0,0.0,9.090909090909092,36.36363636363637,0.0,0.0,0.0,0.0,0.0,0.0,0.0,0.0,0.0,0.0,0.0,0.0,0.0,0.0,0.0,0.0,0.0,0.0,0.0,0.0,0.0,0.0,0.0,0.0,0.0,0.0,0.0,0.0,0.0,0.0,0.0,0.0,0.0,0.0,0.0,0.0,0.0,0.0,0.0,0.0,0.0,0.0,45.45454545454545,0.0,Data Science,0.0,0.0,0.0,0.0,9.090909090909092,0.0,0.0,0.0,0.0
Caerphilly,0.0,0.0,0.0,0.0,0.0,0.0,0.0,0.0,0.0,0.0,0.0,81.25,0.0,0.0,0.0,0.0,0.0,0.0,0.0,0.0,0.0,0.0,0.0,0.0,0.0,0.0,0.0,0.0,0.0,0.0,0.0,0.0,0.0,0.0,0.0,0.0,0.0,0.0,0.0,0.0,0.0,0.0,0.0,0.0,0.0,0.0,0.0,0.0,0.0,0.0,0.0,0.0,0.0,0.0,18.75,0.0,Data Science,0.0,0.0,0.0,0.0,0.0,0.0,0.0,0.0,0.0
Cardiff,0.0,0.0,0.06949270326615706,0.13898540653231412,0.06949270326615706,0.0,0.0,0.0,3.891591382904795,0.0,0.27797081306462823,86.86587908269632,0.0,0.0,0.0,0.0,3.4746351633078527,0.0,0.0,0.0,0.0,0.06949270326615706,0.0,0.0,0.0,0.06949270326615706,0.0,0.06949270326615706,0.6949270326615705,0.0,0.0,0.0,0.0,0.0,0.0,0.0,0.0,0.0,0.0,0.0,0.0,0.0,0.0,0.0,0.0,0.0,0.0,0.0,0.0,0.0,0.0,0.0,0.06949270326615706,0.0,3.891591382904795,0.0,Data Science,0.13898540653231412,0.0,0.0,0.0,0.13898540653231412,0.0,0.06949270326615706,0.0,0.0
Carmarthenshire,0.0,0.0,0.0,0.0,0.0,0.0,0.0,0.0,0.0,0.0,11.538461538461538,0.0,0.0,0.0,0.0,0.0,34.61538461538461,0.0,0.0,0.0,0.0,0.0,0.0,0.0,0.0,3.8461538461538463,0.0,0.0,0.0,0.0,0.0,0.0,0.0,0.0,0.0,0.0,0.0,0.0,0.0,0.0,0.0,0.0,0.0,0.0,0.0,0.0,0.0,0.0,0.0,0.0,0.0,0.0,3.8461538461538463,0.0,34.61538461538461,0.0,Data Science,0.0,0.0,0.0,0.0,11.538461538461538,0.0,0.0,0.0,0.0
Flintshire,0.0,0.0,0.0,0.0,0.0,0.0,0.0,0.0,0.0,0.0,0.0,0.0,0.0,0.0,0.0,0.0,0.0,0.0,0.0,0.0,0.0,0.0,0.0,0.0,0.0,0.0,0.0,0.0,0.0,0.0,0.0,0.0,0.0,100.0,0.0,0.0,0.0,0.0,0.0,0.0,0.0,0.0,0.0,0.0,0.0,0.0,0.0,0.0,0.0,0.0,0.0,0.0,0.0,0.0,0.0,0.0,Data Science,0.0,0.0,0.0,0.0,0.0,0.0,0.0,0.0,0.0
Gwynedd,0.0,0.0,0.0,0.0,0.0,0.0,0.0,0.0,0.0,0.0,0.0,0.0,0.0,0.0,0.0,0.0,100.0,0.0,0.0,0.0,0.0,0.0,0.0,0.0,0.0,0.0,0.0,0.0,0.0,0.0,0.0,0.0,0.0,0.0,0.0,0.0,0.0,0.0,0.0,0.0,0.0,0.0,0.0,0.0,0.0,0.0,0.0,0.0,0.0,0.0,0.0,0.0,0.0,0.0,0.0,0.0,Data Science,0.0,0.0,0.0,0.0,0.0,0.0,0.0,0.0,0.0
Merthyr Tydfil,0.0,0.0,0.0,0.0,0.0,0.0,0.0,0.0,25.0,0.0,50.0,25.0,0.0,0.0,0.0,0.0,0.0,0.0,0.0,0.0,0.0,0.0,0.0,0.0,0.0,0.0,0.0,0.0,0.0,0.0,0.0,0.0,0.0,0.0,0.0,0.0,0.0,0.0,0.0,0.0,0.0,0.0,0.0,0.0,0.0,0.0,0.0,0.0,0.0,0.0,0.0,0.0,0.0,0.0,0.0,0.0,Data Science,0.0,0.0,0.0,0.0,0.0,0.0,0.0,0.0,0.0
Monmouthshire,0.0,0.0,0.0,0.0,0.0,0.0,0.0,0.0,50.0,0.0,6.25,12.5,0.0,0.0,0.0,0.0,0.0,0.0,0.0,0.0,0.0,0.0,0.0,0.0,0.0,0.0,0.0,25.0,6.25,0.0,0.0,0.0,0.0,0.0,0.0,0.0,0.0,0.0,0.0,0.0,0.0,0.0,0.0,0.0,0.0,0.0,0.0,0.0,0.0,0.0,0.0,0.0,0.0,0.0,0.0,0.0,Data Science,0.0,0.0,0.0,0.0,0.0,0.0,0.0,0.0,0.0
Neath Port Talbot,0.0,0.0,0.0,0.0,0.0,0.0,0.0,0.0,0.0,0.0,0.0,82.75862068965517,0.0,0.0,0.0,0.0,0.0,0.0,0.0,0.0,0.0,0.0,0.0,0.0,0.0,0.0,0.0,0.0,0.0,0.0,0.0,0.0,0.0,0.0,0.0,0.0,0.0,0.0,0.0,0.0,0.0,0.0,0.0,0.0,0.0,0.0,0.0,0.0,0.0,0.0,0.0,0.0,0.0,0.0,17.24137931034483,0.0,Data Science,0.0,0.0,0.0,0.0,0.0,0.0,0.0,0.0,0.0
Newport,0.0,0.0,5.0,0.0,0.0,0.0,0.0,0.0,0.0,0.0,0.0,60.0,0.0,0.0,0.0,5.0,5.0,0.0,0.0,0.0,0.0,0.0,0.0,0.0,0.0,0.0,0.0,0.0,0.0,0.0,0.0,0.0,0.0,0.0,0.0,0.0,0.0,0.0,0.0,0.0,0.0,0.0,0.0,0.0,0.0,0.0,0.0,0.0,0.0,0.0,0.0,0.0,0.0,0.0,25.0,0.0,Data Science,0.0,0.0,0.0,0.0,0.0,0.0,0.0,0.0,0.0
Pembrokeshire,0.0,0.0,0.0,0.0,0.0,0.0,0.0,0.0,0.0,0.0,0.0,80.0,0.0,0.0,0.0,0.0,0.0,0.0,0.0,0.0,0.0,0.0,0.0,0.0,0.0,0.0,0.0,0.0,0.0,0.0,0.0,0.0,0.0,0.0,0.0,0.0,0.0,0.0,0.0,0.0,0.0,0.0,0.0,0.0,0.0,0.0,0.0,0.0,0.0,0.0,0.0,0.0,0.0,0.0,20.0,0.0,Data Science,0.0,0.0,0.0,0.0,0.0,0.0,0.0,0.0,0.0
Powys,0.0,0.0,0.0,0.0,16.666666666666664,0.0,0.0,0.0,0.0,0.0,0.0,33.33333333333333,0.0,0.0,0.0,0.0,16.666666666666664,0.0,0.0,0.0,0.0,0.0,0.0,0.0,0.0,0.0,0.0,0.0,0.0,0.0,0.0,0.0,0.0,0.0,0.0,0.0,0.0,0.0,0.0,0.0,0.0,0.0,0.0,0.0,0.0,0.0,0.0,0.0,0.0,0.0,0.0,0.0,0.0,0.0,33.33333333333333,0.0,Data Science,0.0,0.0,0.0,0.0,0.0,0.0,0.0,0.0,0.0
Rhondda Cynon Taf,0.0,0.0,0.0,0.0,0.0,0.0,0.0,0.0,14.285714285714285,0.0,0.0,64.28571428571429,0.0,0.0,0.0,0.0,0.0,0.0,0.0,0.0,0.0,0.0,0.0,0.0,0.0,0.0,0.0,0.0,0.0,0.0,0.0,0.0,0.0,0.0,0.0,0.0,0.0,0.0,0.0,0.0,0.0,0.0,0.0,0.0,0.0,0.0,0.0,0.0,0.0,0.0,0.0,0.0,0.0,0.0,21.428571428571427,0.0,Data Science,0.0,0.0,0.0,0.0,0.0,0.0,0.0,0.0,0.0
Swansea,0.0,0.0,0.0,0.0,0.0,0.0,0.0,0.0,18.012422360248447,0.0,1.2422360248447204,5.590062111801243,0.0,0.0,0.0,0.0,0.6211180124223602,0.0,0.0,0.0,0.0,0.0,0.0,0.0,0.0,0.0,0.0,0.0,0.0,0.0,0.0,0.0,0.0,1.2422360248447204,0.0,0.0,0.0,0.0,0.0,0.0,0.0,0.0,0.0,0.0,0.0,0.0,0.0,0.0,0.0,0.0,0.0,0.0,0.0,0.0,71.42857142857143,0.0,Data Science,0.0,0.0,0.0,0.0,1.2422360248447204,0.0,0.0,0.6211180124223602,0.0
Torfaen,0.0,0.0,0.0,0.0,0.0,0.0,0.0,0.0,0.0,0.0,0.0,85.71428571428571,0.0,0.0,0.0,0.0,0.0,0.0,0.0,0.0,0.0,0.0,0.0,0.0,0.0,0.0,0.0,0.0,0.0,0.0,0.0,0.0,0.0,0.0,0.0,0.0,0.0,0.0,0.0,0.0,0.0,0.0,0.0,0.0,0.0,0.0,0.0,0.0,0.0,0.0,0.0,0.0,0.0,0.0,14.285714285714285,0.0,Data Science,0.0,0.0,0.0,0.0,0.0,0.0,0.0,0.0,0.0
Vale of Glamorgan,0.0,0.0,0.0,0.0,0.0,0.0,0.0,0.0,0.0,0.0,0.0,53.84615384615385,0.0,0.0,0.0,0.0,7.6923076923076925,0.0,0.0,0.0,0.0,0.0,0.0,0.0,0.0,0.0,0.0,0.0,0.0,0.0,0.0,0.0,0.0,0.0,0.0,0.0,0.0,0.0,0.0,0.0,0.0,0.0,0.0,0.0,0.0,0.0,0.0,0.0,0.0,0.0,0.0,0.0,0.0,0.0,38.46153846153847,0.0,Data Science,0.0,0.0,0.0,0.0,0.0,0.0,0.0,0.0,0.0
Wrexham,0.0,0.0,0.0,0.0,0.0,0.0,0.0,0.0,0.0,0.0,0.0,6.25,0.0,0.0,0.0,0.0,0.0,0.0,0.0,0.0,0.0,0.0,0.0,0.0,0.0,0.0,0.0,0.0,0.0,0.0,0.0,0.0,25.0,18.75,6.25,0.0,0.0,0.0,0.0,0.0,0.0,0.0,0.0,43.75,0.0,0.0,0.0,0.0,0.0,0.0,0.0,0.0,0.0,0.0,0.0,0.0,Data Science,0.0,0.0,0.0,0.0,0.0,0.0,0.0,0.0,0.0
Bridgend,0.0,0.0,0.0,0.0,0.0,0.0,0.0,0.0,44.44444444444444,0.0,0.0,0.0,0.0,0.0,0.0,0.0,0.0,0.0,0.0,0.0,0.0,0.0,0.0,0.0,0.0,0.0,0.0,0.0,0.0,0.0,0.0,0.0,0.0,0.0,0.0,0.0,0.0,0.0,0.0,0.0,0.0,0.0,0.0,0.0,0.0,0.0,0.0,0.0,0.0,0.0,0.0,0.0,0.0,0.0,55.55555555555556,0.0,Cyber Security,0.0,0.0,0.0,0.0,0.0,0.0,0.0,0.0,0.0
Caerphilly,0.0,0.0,0.0,0.0,0.0,0.0,0.0,0.0,0.0,0.0,0.0,0.0,0.0,0.0,0.0,0.0,0.0,0.0,0.0,0.0,0.0,0.0,0.0,0.0,0.0,0.0,0.0,0.0,0.0,0.0,0.0,0.0,0.0,0.0,0.0,0.0,0.0,0.0,0.0,0.0,0.0,0.0,0.0,0.0,0.0,0.0,0.0,0.0,0.0,0.0,0.0,0.0,0.0,0.0,100.0,0.0,Cyber Security,0.0,0.0,0.0,0.0,0.0,0.0,0.0,0.0,0.0
Cardiff,0.0,0.0,0.0,0.0,0.0,0.0,0.0,0.0,34.25925925925926,0.0,0.0,0.0,0.0,0.0,0.0,0.0,1.8518518518518516,0.0,0.0,0.0,0.0,0.0,1.8518518518518516,0.0,0.0,0.0,0.0,0.0,0.9259259259259258,0.0,0.0,0.0,0.0,0.0,0.0,0.0,0.0,0.0,0.0,0.0,0.0,0.0,0.0,0.0,0.0,0.0,0.0,0.0,0.0,7.4074074074074066,0.0,0.0,1.8518518518518516,0.0,50.92592592592593,0.0,Cyber Security,0.0,0.9259259259259258,0.0,0.0,0.0,0.0,0.0,0.0,0.0
Carmarthenshire,0.0,0.0,0.0,0.0,0.0,0.0,0.0,0.0,0.0,0.0,0.0,0.0,0.0,0.0,0.0,0.0,0.0,0.0,0.0,0.0,0.0,0.0,0.0,0.0,0.0,0.0,0.0,0.0,46.15384615384615,0.0,0.0,0.0,0.0,0.0,0.0,0.0,0.0,0.0,0.0,0.0,0.0,0.0,0.0,0.0,0.0,0.0,0.0,0.0,0.0,0.0,0.0,0.0,0.0,0.0,53.84615384615385,0.0,Cyber Security,0.0,0.0,0.0,0.0,0.0,0.0,0.0,0.0,0.0
Gwynedd,0.0,0.0,0.0,0.0,0.0,0.0,0.0,0.0,0.0,0.0,0.0,0.0,0.0,0.0,0.0,0.0,0.0,0.0,0.0,0.0,0.0,0.0,0.0,0.0,0.0,0.0,0.0,0.0,100.0,0.0,0.0,0.0,0.0,0.0,0.0,0.0,0.0,0.0,0.0,0.0,0.0,0.0,0.0,0.0,0.0,0.0,0.0,0.0,0.0,0.0,0.0,0.0,0.0,0.0,0.0,0.0,Cyber Security,0.0,0.0,0.0,0.0,0.0,0.0,0.0,0.0,0.0
Monmouthshire,0.0,0.0,0.0,0.0,0.0,0.0,0.0,0.0,91.66666666666666,0.0,0.0,0.0,0.0,0.0,0.0,0.0,0.0,0.0,0.0,0.0,0.0,0.0,0.0,0.0,0.0,0.0,0.0,0.0,0.0,0.0,0.0,0.0,0.0,0.0,0.0,0.0,0.0,0.0,0.0,0.0,0.0,0.0,0.0,0.0,0.0,0.0,0.0,0.0,0.0,8.333333333333332,0.0,0.0,0.0,0.0,0.0,0.0,Cyber Security,0.0,0.0,0.0,0.0,0.0,0.0,0.0,0.0,0.0
Neath Port Talbot,0.0,0.0,0.0,0.0,0.0,0.0,0.0,0.0,0.0,0.0,0.0,0.0,0.0,0.0,0.0,0.0,0.0,0.0,0.0,0.0,0.0,0.0,0.0,0.0,0.0,0.0,0.0,0.0,0.0,0.0,0.0,0.0,0.0,0.0,0.0,0.0,0.0,0.0,0.0,0.0,0.0,0.0,0.0,0.0,0.0,0.0,0.0,0.0,0.0,0.0,0.0,0.0,0.0,0.0,100.0,0.0,Cyber Security,0.0,0.0,0.0,0.0,0.0,0.0,0.0,0.0,0.0
Newport,0.0,0.0,0.0,0.0,0.0,0.0,0.0,0.0,0.0,0.0,0.0,0.0,0.0,0.0,0.0,0.0,0.0,0.0,0.0,0.0,0.0,0.0,0.0,0.0,0.0,0.0,0.0,0.0,12.5,0.0,0.0,0.0,0.0,0.0,0.0,0.0,0.0,0.0,0.0,0.0,0.0,0.0,0.0,0.0,0.0,0.0,0.0,0.0,0.0,25.0,0.0,0.0,0.0,0.0,62.5,0.0,Cyber Security,0.0,0.0,0.0,0.0,0.0,0.0,0.0,0.0,0.0
Pembrokeshire,0.0,0.0,0.0,0.0,0.0,0.0,0.0,0.0,0.0,0.0,0.0,0.0,0.0,0.0,0.0,0.0,0.0,0.0,0.0,0.0,0.0,0.0,0.0,0.0,0.0,0.0,0.0,0.0,0.0,0.0,0.0,0.0,0.0,0.0,0.0,0.0,0.0,0.0,0.0,0.0,0.0,0.0,0.0,0.0,0.0,0.0,0.0,0.0,0.0,0.0,0.0,0.0,0.0,0.0,100.0,0.0,Cyber Security,0.0,0.0,0.0,0.0,0.0,0.0,0.0,0.0,0.0
Powys,0.0,0.0,0.0,0.0,0.0,0.0,0.0,0.0,33.33333333333333,0.0,0.0,0.0,0.0,0.0,0.0,0.0,0.0,0.0,0.0,0.0,0.0,0.0,0.0,0.0,0.0,0.0,0.0,0.0,0.0,0.0,0.0,0.0,0.0,0.0,0.0,0.0,0.0,0.0,0.0,0.0,0.0,0.0,0.0,0.0,0.0,0.0,0.0,0.0,0.0,0.0,0.0,0.0,0.0,0.0,66.66666666666666,0.0,Cyber Security,0.0,0.0,0.0,0.0,0.0,0.0,0.0,0.0,0.0
Rhondda Cynon Taf,0.0,0.0,0.0,0.0,0.0,0.0,0.0,0.0,0.0,0.0,0.0,0.0,0.0,0.0,0.0,0.0,0.0,0.0,0.0,0.0,0.0,0.0,0.0,0.0,0.0,0.0,0.0,0.0,0.0,0.0,0.0,0.0,0.0,0.0,0.0,0.0,0.0,0.0,0.0,0.0,0.0,0.0,0.0,0.0,0.0,0.0,0.0,0.0,0.0,0.0,0.0,0.0,0.0,0.0,100.0,0.0,Cyber Security,0.0,0.0,0.0,0.0,0.0,0.0,0.0,0.0,0.0
Swansea,0.0,0.0,0.0,0.0,0.0,0.0,0.0,0.0,0.0,0.0,0.0,0.0,0.0,0.0,0.0,0.0,0.0,0.0,0.0,0.0,0.0,0.0,0.0,0.0,0.0,0.0,0.0,0.0,0.0,0.0,0.0,0.0,0.0,0.0,0.0,0.0,0.0,0.0,0.0,0.0,0.0,0.0,0.0,0.0,0.0,0.0,0.0,0.0,0.0,0.0,0.0,0.0,0.0,0.0,100.0,0.0,Cyber Security,0.0,0.0,0.0,0.0,0.0,0.0,0.0,0.0,0.0
Torfaen,0.0,0.0,0.0,0.0,0.0,0.0,0.0,0.0,0.0,0.0,0.0,0.0,0.0,0.0,0.0,0.0,0.0,0.0,0.0,0.0,0.0,0.0,0.0,0.0,0.0,0.0,0.0,0.0,0.0,0.0,0.0,0.0,0.0,0.0,0.0,0.0,0.0,0.0,0.0,0.0,0.0,0.0,0.0,0.0,0.0,0.0,0.0,0.0,0.0,0.0,0.0,0.0,0.0,0.0,100.0,0.0,Cyber Security,0.0,0.0,0.0,0.0,0.0,0.0,0.0,0.0,0.0
Vale of Glamorgan,0.0,0.0,0.0,0.0,0.0,0.0,0.0,0.0,0.0,0.0,0.0,0.0,0.0,0.0,0.0,0.0,0.0,0.0,0.0,0.0,0.0,0.0,0.0,0.0,0.0,0.0,0.0,0.0,0.0,0.0,0.0,0.0,0.0,0.0,0.0,0.0,0.0,0.0,0.0,0.0,0.0,0.0,0.0,0.0,0.0,0.0,0.0,0.0,0.0,0.0,0.0,0.0,0.0,0.0,100.0,0.0,Cyber Security,0.0,0.0,0.0,0.0,0.0,0.0,0.0,0.0,0.0
Bridgend,0.0,0.0,0.0,0.0,0.0,0.0,0.0,0.0,0.0,0.0,0.0,84.375,0.0,0.0,0.0,0.0,0.0,0.0,0.0,0.0,0.0,0.0,0.0,0.0,0.0,0.0,0.0,0.0,0.0,0.0,0.0,0.0,0.0,0.0,0.0,0.0,0.0,0.0,0.0,0.0,0.0,0.0,0.0,0.0,0.0,0.0,0.0,0.0,0.0,0.0,0.0,0.0,0.0,0.0,15.625,0.0,Cloud Computing,0.0,0.0,0.0,0.0,0.0,0.0,0.0,0.0,0.0
Caerphilly,0.0,0.0,0.0,0.0,0.0,0.0,0.0,0.0,0.0,0.0,0.0,87.75510204081633,0.0,0.0,0.0,0.0,0.0,0.0,0.0,0.0,0.0,0.0,0.0,0.0,0.0,0.0,0.0,0.0,0.0,0.0,0.0,0.0,0.0,0.0,0.0,0.0,0.0,0.0,0.0,0.0,0.0,0.0,0.0,0.0,0.0,0.0,0.0,0.0,0.0,0.0,0.0,0.0,0.0,0.0,12.244897959183673,0.0,Cloud Computing,0.0,0.0,0.0,0.0,0.0,0.0,0.0,0.0,0.0
Cardiff,0.0,0.0,0.0,0.15625,0.078125,0.0,0.0,0.0,1.875,0.0,0.078125,88.90625,0.0,0.0,0.0,0.0,2.5,0.0,0.0,0.0,0.0,0.0,0.0,0.0,0.0,0.234375,0.0,0.0,0.234375,0.0,0.0,0.0,0.0,0.078125,0.0,0.0,0.0,0.0,0.0,0.0,0.0,0.0,0.0,0.0,0.0,0.0,0.15625,0.0,0.0,0.0,0.0,0.0,0.15625,0.0,4.375,0.0,Cloud Computing,0.46875,0.078125,0.0,0.0,0.625,0.0,0.0,0.0,0.0
Carmarthenshire,0.0,0.0,0.0,0.0,0.0,0.0,0.0,0.0,0.0,0.0,0.0,10.344827586206897,0.0,0.0,0.0,0.0,31.03448275862069,0.0,0.0,0.0,0.0,0.0,0.0,0.0,0.0,13.793103448275861,0.0,0.0,0.0,0.0,0.0,0.0,0.0,0.0,0.0,0.0,0.0,0.0,0.0,0.0,0.0,0.0,0.0,0.0,0.0,0.0,0.0,0.0,0.0,0.0,0.0,0.0,3.4482758620689653,0.0,31.03448275862069,0.0,Cloud Computing,0.0,0.0,0.0,0.0,10.344827586206897,0.0,0.0,0.0,0.0
Ceredigion,0.0,0.0,0.0,0.0,0.0,0.0,0.0,0.0,0.0,0.0,0.0,100.0,0.0,0.0,0.0,0.0,0.0,0.0,0.0,0.0,0.0,0.0,0.0,0.0,0.0,0.0,0.0,0.0,0.0,0.0,0.0,0.0,0.0,0.0,0.0,0.0,0.0,0.0,0.0,0.0,0.0,0.0,0.0,0.0,0.0,0.0,0.0,0.0,0.0,0.0,0.0,0.0,0.0,0.0,0.0,0.0,Cloud Computing,0.0,0.0,0.0,0.0,0.0,0.0,0.0,0.0,0.0
Conwy,0.0,0.0,0.0,0.0,0.0,0.0,0.0,0.0,0.0,0.0,0.0,0.0,0.0,0.0,0.0,0.0,0.0,0.0,0.0,0.0,0.0,0.0,0.0,0.0,0.0,0.0,0.0,0.0,0.0,0.0,0.0,0.0,0.0,0.0,0.0,0.0,100.0,0.0,0.0,0.0,0.0,0.0,0.0,0.0,0.0,0.0,0.0,0.0,0.0,0.0,0.0,0.0,0.0,0.0,0.0,0.0,Cloud Computing,0.0,0.0,0.0,0.0,0.0,0.0,0.0,0.0,0.0
Flintshire,0.0,0.0,0.0,0.0,0.0,0.0,0.0,0.0,0.0,0.0,0.0,0.0,0.0,0.0,0.0,0.0,0.0,0.0,0.0,0.0,0.0,0.0,0.0,0.0,0.0,0.0,0.0,0.0,0.0,0.0,0.0,0.0,0.0,100.0,0.0,0.0,0.0,0.0,0.0,0.0,0.0,0.0,0.0,0.0,0.0,0.0,0.0,0.0,0.0,0.0,0.0,0.0,0.0,0.0,0.0,0.0,Cloud Computing,0.0,0.0,0.0,0.0,0.0,0.0,0.0,0.0,0.0
Gwynedd,0.0,0.0,0.0,0.0,0.0,0.0,0.0,0.0,0.0,0.0,0.0,0.0,0.0,0.0,0.0,0.0,0.0,0.0,0.0,0.0,0.0,0.0,0.0,0.0,0.0,100.0,0.0,0.0,0.0,0.0,0.0,0.0,0.0,0.0,0.0,0.0,0.0,0.0,0.0,0.0,0.0,0.0,0.0,0.0,0.0,0.0,0.0,0.0,0.0,0.0,0.0,0.0,0.0,0.0,0.0,0.0,Cloud Computing,0.0,0.0,0.0,0.0,0.0,0.0,0.0,0.0,0.0
Merthyr Tydfil,0.0,0.0,0.0,0.0,0.0,0.0,0.0,0.0,16.666666666666664,0.0,33.33333333333333,50.0,0.0,0.0,0.0,0.0,0.0,0.0,0.0,0.0,0.0,0.0,0.0,0.0,0.0,0.0,0.0,0.0,0.0,0.0,0.0,0.0,0.0,0.0,0.0,0.0,0.0,0.0,0.0,0.0,0.0,0.0,0.0,0.0,0.0,0.0,0.0,0.0,0.0,0.0,0.0,0.0,0.0,0.0,0.0,0.0,Cloud Computing,0.0,0.0,0.0,0.0,0.0,0.0,0.0,0.0,0.0
Monmouthshire,0.0,0.0,0.0,0.0,0.0,0.0,0.0,0.0,30.0,0.0,0.0,60.0,0.0,0.0,0.0,0.0,10.0,0.0,0.0,0.0,0.0,0.0,0.0,0.0,0.0,0.0,0.0,0.0,0.0,0.0,0.0,0.0,0.0,0.0,0.0,0.0,0.0,0.0,0.0,0.0,0.0,0.0,0.0,0.0,0.0,0.0,0.0,0.0,0.0,0.0,0.0,0.0,0.0,0.0,0.0,0.0,Cloud Computing,0.0,0.0,0.0,0.0,0.0,0.0,0.0,0.0,0.0
Neath Port Talbot,0.0,0.0,0.0,0.0,0.0,0.0,0.0,0.0,0.0,0.0,0.0,82.14285714285714,0.0,0.0,0.0,0.0,0.0,0.0,0.0,0.0,0.0,0.0,0.0,0.0,0.0,0.0,0.0,0.0,0.0,0.0,0.0,0.0,0.0,0.0,0.0,0.0,0.0,0.0,0.0,0.0,0.0,0.0,0.0,0.0,0.0,0.0,0.0,0.0,0.0,0.0,0.0,0.0,0.0,0.0,17.857142857142858,0.0,Cloud Computing,0.0,0.0,0.0,0.0,0.0,0.0,0.0,0.0,0.0
Newport,0.0,0.0,0.0,0.0,0.0,0.0,0.0,0.0,3.125,0.0,0.0,81.25,0.0,0.0,0.0,0.0,0.0,0.0,0.0,0.0,0.0,0.0,0.0,0.0,0.0,0.0,0.0,0.0,0.0,0.0,0.0,0.0,0.0,0.0,0.0,0.0,0.0,0.0,0.0,0.0,0.0,0.0,0.0,0.0,0.0,0.0,0.0,0.0,0.0,0.0,0.0,0.0,0.0,0.0,15.625,0.0,Cloud Computing,0.0,0.0,0.0,0.0,0.0,0.0,0.0,0.0,0.0
Pembrokeshire,0.0,0.0,0.0,0.0,0.0,0.0,0.0,0.0,0.0,0.0,0.0,75.0,0.0,0.0,0.0,0.0,0.0,0.0,0.0,0.0,0.0,0.0,0.0,0.0,0.0,0.0,0.0,0.0,0.0,0.0,0.0,0.0,0.0,0.0,0.0,0.0,0.0,0.0,0.0,0.0,0.0,0.0,0.0,0.0,0.0,0.0,0.0,0.0,0.0,0.0,0.0,0.0,0.0,0.0,25.0,0.0,Cloud Computing,0.0,0.0,0.0,0.0,0.0,0.0,0.0,0.0,0.0
Powys,0.0,0.0,0.0,0.0,0.0,0.0,0.0,0.0,0.0,0.0,0.0,0.0,0.0,0.0,0.0,0.0,0.0,0.0,0.0,0.0,0.0,0.0,0.0,0.0,0.0,0.0,0.0,0.0,0.0,0.0,0.0,0.0,0.0,0.0,0.0,0.0,0.0,0.0,0.0,0.0,0.0,0.0,0.0,0.0,0.0,0.0,0.0,0.0,0.0,0.0,0.0,0.0,0.0,0.0,100.0,0.0,Cloud Computing,0.0,0.0,0.0,0.0,0.0,0.0,0.0,0.0,0.0
Rhondda Cynon Taf,0.0,0.0,0.0,0.0,0.0,0.0,0.0,0.0,10.526315789473683,0.0,0.0,63.1578947368421,0.0,0.0,0.0,0.0,0.0,0.0,0.0,0.0,0.0,0.0,0.0,0.0,0.0,0.0,0.0,0.0,0.0,0.0,0.0,0.0,0.0,0.0,0.0,0.0,0.0,0.0,0.0,0.0,0.0,0.0,0.0,0.0,0.0,0.0,0.0,0.0,0.0,0.0,0.0,0.0,0.0,0.0,15.789473684210526,0.0,Cloud Computing,0.0,0.0,0.0,0.0,10.526315789473683,0.0,0.0,0.0,0.0
Swansea,0.0,0.0,0.0,0.0,0.0,0.0,0.0,0.0,0.684931506849315,0.0,0.0,13.698630136986301,0.0,0.0,0.0,0.0,0.684931506849315,0.0,0.0,0.0,0.0,0.0,0.0,0.0,0.0,0.0,0.0,0.0,0.0,0.0,0.0,0.0,0.0,1.36986301369863,0.0,0.0,4.794520547945205,0.0,0.0,0.0,0.0,0.0,0.0,0.0,0.0,0.0,0.0,0.0,0.0,0.0,0.0,0.0,0.0,0.0,78.76712328767124,0.0,Cloud Computing,0.0,0.0,0.0,0.0,0.0,0.0,0.0,0.0,0.0
Torfaen,0.0,0.0,0.0,0.0,0.0,0.0,0.0,0.0,0.0,0.0,0.0,50.0,0.0,0.0,0.0,0.0,0.0,0.0,0.0,0.0,0.0,0.0,0.0,0.0,0.0,0.0,0.0,0.0,0.0,0.0,0.0,0.0,0.0,0.0,0.0,0.0,0.0,0.0,0.0,0.0,0.0,0.0,0.0,0.0,0.0,0.0,0.0,0.0,0.0,0.0,0.0,0.0,0.0,0.0,50.0,0.0,Cloud Computing,0.0,0.0,0.0,0.0,0.0,0.0,0.0,0.0,0.0
Vale of Glamorgan,0.0,0.0,0.0,0.0,0.0,0.0,0.0,0.0,0.0,0.0,0.0,77.77777777777779,0.0,0.0,0.0,0.0,3.7037037037037033,0.0,0.0,0.0,0.0,0.0,0.0,0.0,0.0,0.0,0.0,0.0,0.0,0.0,0.0,0.0,0.0,0.0,0.0,0.0,0.0,0.0,0.0,0.0,0.0,0.0,0.0,0.0,0.0,0.0,0.0,0.0,0.0,0.0,0.0,0.0,0.0,0.0,18.51851851851852,0.0,Cloud Computing,0.0,0.0,0.0,0.0,0.0,0.0,0.0,0.0,0.0
Wrexham,0.0,0.0,0.0,0.0,0.0,0.0,0.0,0.0,0.0,0.0,0.0,7.142857142857142,0.0,0.0,0.0,0.0,57.14285714285714,0.0,0.0,0.0,0.0,0.0,0.0,0.0,0.0,0.0,0.0,0.0,0.0,0.0,0.0,0.0,0.0,35.714285714285715,0.0,0.0,0.0,0.0,0.0,0.0,0.0,0.0,0.0,0.0,0.0,0.0,0.0,0.0,0.0,0.0,0.0,0.0,0.0,0.0,0.0,0.0,Cloud Computing,0.0,0.0,0.0,0.0,0.0,0.0,0.0,0.0,0.0
Bridgend,0.0,0.0,0.0,0.0,0.0,0.0,0.0,0.0,14.285714285714285,0.0,14.285714285714285,0.0,0.0,0.0,0.0,0.0,14.285714285714285,0.0,0.0,0.0,0.0,0.0,0.0,0.0,0.0,0.0,0.0,0.0,0.0,0.0,0.0,0.0,0.0,0.0,0.0,0.0,0.0,0.0,0.0,0.0,0.0,0.0,0.0,0.0,0.0,0.0,0.0,0.0,0.0,0.0,0.0,0.0,57.14285714285714,0.0,0.0,0.0,New technologies,0.0,0.0,0.0,0.0,0.0,0.0,0.0,0.0,0.0
Caerphilly,0.0,0.0,0.0,0.0,0.0,0.0,0.0,0.0,0.0,0.0,0.0,0.0,0.0,0.0,0.0,0.0,0.0,0.0,0.0,0.0,0.0,0.0,0.0,0.0,0.0,0.0,0.0,0.0,0.0,0.0,0.0,0.0,0.0,0.0,0.0,100.0,0.0,0.0,0.0,0.0,0.0,0.0,0.0,0.0,0.0,0.0,0.0,0.0,0.0,0.0,0.0,0.0,0.0,0.0,0.0,0.0,New technologies,0.0,0.0,0.0,0.0,0.0,0.0,0.0,0.0,0.0
Cardiff,0.0,0.0,0.0,0.0,0.0,0.0,0.0,0.0,42.857142857142854,0.0,4.761904761904762,17.46031746031746,0.0,0.0,0.0,0.0,9.523809523809524,0.0,0.0,0.0,0.0,0.0,0.0,0.0,0.0,6.349206349206349,0.0,0.0,11.11111111111111,0.0,0.0,0.0,0.0,0.0,0.0,1.5873015873015872,0.0,0.0,0.0,0.0,0.0,0.0,0.0,0.0,0.0,0.0,0.0,0.0,0.0,0.0,0.0,0.0,3.1746031746031744,0.0,0.0,0.0,New technologies,3.1746031746031744,0.0,0.0,0.0,0.0,0.0,0.0,0.0,0.0
Carmarthenshire,0.0,0.0,0.0,0.0,0.0,0.0,0.0,0.0,0.0,0.0,80.0,0.0,0.0,0.0,0.0,0.0,20.0,0.0,0.0,0.0,0.0,0.0,0.0,0.0,0.0,0.0,0.0,0.0,0.0,0.0,0.0,0.0,0.0,0.0,0.0,0.0,0.0,0.0,0.0,0.0,0.0,0.0,0.0,0.0,0.0,0.0,0.0,0.0,0.0,0.0,0.0,0.0,0.0,0.0,0.0,0.0,New technologies,0.0,0.0,0.0,0.0,0.0,0.0,0.0,0.0,0.0
Conwy,0.0,0.0,0.0,0.0,0.0,0.0,0.0,0.0,0.0,0.0,0.0,0.0,0.0,0.0,0.0,0.0,0.0,0.0,0.0,0.0,0.0,0.0,0.0,0.0,0.0,0.0,0.0,0.0,0.0,0.0,0.0,0.0,0.0,0.0,0.0,0.0,0.0,0.0,0.0,0.0,0.0,0.0,0.0,0.0,0.0,0.0,0.0,0.0,0.0,0.0,0.0,0.0,0.0,0.0,0.0,0.0,New technologies,0.0,0.0,0.0,0.0,0.0,100.0,0.0,0.0,0.0
Denbighshire,0.0,0.0,0.0,0.0,0.0,0.0,0.0,0.0,0.0,0.0,0.0,0.0,0.0,0.0,0.0,0.0,0.0,0.0,0.0,0.0,0.0,0.0,0.0,0.0,0.0,0.0,0.0,0.0,0.0,0.0,0.0,0.0,0.0,0.0,0.0,0.0,0.0,0.0,0.0,0.0,0.0,0.0,0.0,0.0,0.0,0.0,0.0,0.0,0.0,0.0,0.0,0.0,0.0,0.0,0.0,0.0,New technologies,0.0,0.0,0.0,0.0,0.0,100.0,0.0,0.0,0.0
Flintshire,0.0,0.0,0.0,0.0,0.0,0.0,0.0,0.0,0.0,0.0,0.0,0.0,0.0,0.0,0.0,0.0,100.0,0.0,0.0,0.0,0.0,0.0,0.0,0.0,0.0,0.0,0.0,0.0,0.0,0.0,0.0,0.0,0.0,0.0,0.0,0.0,0.0,0.0,0.0,0.0,0.0,0.0,0.0,0.0,0.0,0.0,0.0,0.0,0.0,0.0,0.0,0.0,0.0,0.0,0.0,0.0,New technologies,0.0,0.0,0.0,0.0,0.0,0.0,0.0,0.0,0.0
Monmouthshire,0.0,0.0,0.0,0.0,0.0,0.0,0.0,0.0,75.0,0.0,0.0,0.0,0.0,0.0,0.0,0.0,0.0,0.0,0.0,0.0,0.0,0.0,0.0,0.0,0.0,0.0,0.0,0.0,3.125,0.0,0.0,0.0,0.0,0.0,0.0,21.875,0.0,0.0,0.0,0.0,0.0,0.0,0.0,0.0,0.0,0.0,0.0,0.0,0.0,0.0,0.0,0.0,0.0,0.0,0.0,0.0,New technologies,0.0,0.0,0.0,0.0,0.0,0.0,0.0,0.0,0.0
Newport,0.0,0.0,0.0,0.0,0.0,0.0,0.0,0.0,33.33333333333333,0.0,0.0,0.0,0.0,0.0,0.0,0.0,0.0,0.0,0.0,0.0,0.0,0.0,0.0,0.0,0.0,0.0,0.0,33.33333333333333,0.0,0.0,0.0,0.0,0.0,0.0,0.0,0.0,0.0,0.0,0.0,0.0,0.0,0.0,0.0,0.0,0.0,0.0,0.0,0.0,0.0,0.0,0.0,0.0,0.0,0.0,0.0,0.0,New technologies,0.0,0.0,0.0,0.0,33.33333333333333,0.0,0.0,0.0,0.0
Pembrokeshire,0.0,0.0,0.0,0.0,0.0,0.0,0.0,0.0,100.0,0.0,0.0,0.0,0.0,0.0,0.0,0.0,0.0,0.0,0.0,0.0,0.0,0.0,0.0,0.0,0.0,0.0,0.0,0.0,0.0,0.0,0.0,0.0,0.0,0.0,0.0,0.0,0.0,0.0,0.0,0.0,0.0,0.0,0.0,0.0,0.0,0.0,0.0,0.0,0.0,0.0,0.0,0.0,0.0,0.0,0.0,0.0,New technologies,0.0,0.0,0.0,0.0,0.0,0.0,0.0,0.0,0.0
Powys,0.0,0.0,0.0,0.0,0.0,0.0,0.0,0.0,0.0,0.0,0.0,0.0,0.0,0.0,0.0,0.0,0.0,0.0,0.0,0.0,0.0,0.0,0.0,0.0,0.0,0.0,0.0,50.0,0.0,0.0,0.0,0.0,0.0,0.0,0.0,0.0,0.0,0.0,0.0,0.0,0.0,0.0,0.0,0.0,0.0,0.0,0.0,0.0,0.0,0.0,0.0,0.0,0.0,0.0,0.0,0.0,New technologies,0.0,0.0,0.0,0.0,50.0,0.0,0.0,0.0,0.0
Rhondda Cynon Taf,0.0,0.0,0.0,0.0,0.0,0.0,0.0,0.0,100.0,0.0,0.0,0.0,0.0,0.0,0.0,0.0,0.0,0.0,0.0,0.0,0.0,0.0,0.0,0.0,0.0,0.0,0.0,0.0,0.0,0.0,0.0,0.0,0.0,0.0,0.0,0.0,0.0,0.0,0.0,0.0,0.0,0.0,0.0,0.0,0.0,0.0,0.0,0.0,0.0,0.0,0.0,0.0,0.0,0.0,0.0,0.0,New technologies,0.0,0.0,0.0,0.0,0.0,0.0,0.0,0.0,0.0
Swansea,0.0,0.0,0.0,0.0,0.0,0.0,20.0,0.0,20.0,0.0,20.0,0.0,0.0,0.0,0.0,0.0,40.0,0.0,0.0,0.0,0.0,0.0,0.0,0.0,0.0,0.0,0.0,0.0,0.0,0.0,0.0,0.0,0.0,0.0,0.0,0.0,0.0,0.0,0.0,0.0,0.0,0.0,0.0,0.0,0.0,0.0,0.0,0.0,0.0,0.0,0.0,0.0,0.0,0.0,0.0,0.0,New technologies,0.0,0.0,0.0,0.0,0.0,0.0,0.0,0.0,0.0
Torfaen,0.0,0.0,0.0,0.0,0.0,0.0,0.0,0.0,0.0,0.0,0.0,0.0,0.0,0.0,0.0,0.0,0.0,0.0,0.0,0.0,0.0,0.0,0.0,0.0,0.0,0.0,0.0,0.0,0.0,0.0,0.0,0.0,0.0,0.0,0.0,0.0,0.0,0.0,0.0,0.0,0.0,0.0,0.0,0.0,0.0,0.0,0.0,0.0,0.0,0.0,0.0,0.0,0.0,0.0,0.0,0.0,New technologies,0.0,0.0,0.0,0.0,100.0,0.0,0.0,0.0,0.0
Vale of Glamorgan,0.0,0.0,0.0,0.0,0.0,0.0,0.0,0.0,100.0,0.0,0.0,0.0,0.0,0.0,0.0,0.0,0.0,0.0,0.0,0.0,0.0,0.0,0.0,0.0,0.0,0.0,0.0,0.0,0.0,0.0,0.0,0.0,0.0,0.0,0.0,0.0,0.0,0.0,0.0,0.0,0.0,0.0,0.0,0.0,0.0,0.0,0.0,0.0,0.0,0.0,0.0,0.0,0.0,0.0,0.0,0.0,New technologies,0.0,0.0,0.0,0.0,0.0,0.0,0.0,0.0,0.0
Wrexham,0.0,0.0,0.0,0.0,0.0,0.0,0.0,0.0,0.0,0.0,0.0,0.0,0.0,0.0,0.0,0.0,0.0,0.0,0.0,0.0,0.0,0.0,0.0,0.0,0.0,0.0,0.0,0.0,0.0,0.0,0.0,0.0,100.0,0.0,0.0,0.0,0.0,0.0,0.0,0.0,0.0,0.0,0.0,0.0,0.0,0.0,0.0,0.0,0.0,0.0,0.0,0.0,0.0,0.0,0.0,0.0,New technologies,0.0,0.0,0.0,0.0,0.0,0.0,0.0,0.0,0.0
Blaenau Gwent,0.0,0.0,0.0,0.0,0.0,50.0,0.0,0.0,0.0,0.0,0.0,0.0,0.0,0.0,0.0,0.0,50.0,0.0,0.0,0.0,0.0,0.0,0.0,0.0,0.0,0.0,0.0,0.0,0.0,0.0,0.0,0.0,0.0,0.0,0.0,0.0,0.0,0.0,0.0,0.0,0.0,0.0,0.0,0.0,0.0,0.0,0.0,0.0,0.0,0.0,0.0,0.0,0.0,0.0,0.0,0.0,Software Development,0.0,0.0,0.0,0.0,0.0,0.0,0.0,0.0,0.0
Bridgend,0.0,0.0,0.0,0.0,0.0,0.0,0.0,0.0,0.0,0.0,0.0,85.07462686567165,0.0,0.0,0.0,0.0,2.9850746268656714,0.0,0.0,0.0,0.0,0.0,0.0,0.0,0.0,0.0,0.0,0.0,0.0,0.0,0.0,0.0,0.0,0.0,0.0,0.0,0.0,0.0,0.0,0.0,0.0,0.0,0.0,0.0,0.0,0.0,0.0,0.0,0.0,0.0,0.0,0.0,5.970149253731343,0.0,5.970149253731343,0.0,Software Development,0.0,0.0,0.0,0.0,0.0,0.0,0.0,0.0,0.0
Caerphilly,0.0,0.0,3.5398230088495577,0.0,0.0,0.0,0.0,0.0,0.8849557522123894,0.0,2.6548672566371683,83.1858407079646,0.0,0.0,0.0,0.0,4.424778761061947,0.0,0.0,0.0,0.0,0.0,0.0,0.0,0.0,0.0,0.0,0.0,0.0,0.0,0.0,0.0,0.0,0.0,0.0,0.8849557522123894,0.0,0.0,0.0,0.0,0.0,0.0,0.0,0.0,0.0,0.0,0.0,0.0,0.0,0.0,0.0,0.0,0.0,0.0,0.8849557522123894,2.6548672566371683,Software Development,0.0,0.0,0.0,0.8849557522123894,0.0,0.0,0.0,0.0,0.0
Cardiff,0.0,0.0,0.1466275659824047,0.1466275659824047,0.11730205278592376,0.02932551319648094,0.0,0.17595307917888564,4.134897360703812,0.0,0.6744868035190617,87.68328445747801,0.0,0.02932551319648094,0.0,0.0,3.0791788856304985,0.0,0.0,0.0,0.0,0.02932551319648094,0.05865102639296188,0.0,0.0,0.26392961876832843,0.0,0.02932551319648094,0.7624633431085044,0.02932551319648094,0.08797653958944282,0.0,0.0,0.3519061583577713,0.0,0.02932551319648094,0.0,0.0,0.02932551319648094,0.0,0.0,0.0,0.0,0.0,0.0,0.0,0.05865102639296188,0.0,0.0,0.0,0.05865102639296188,0.11730205278592376,0.23460410557184752,0.0,0.8797653958944283,0.0,Software Development,0.26392961876832843,0.02932551319648094,0.0,0.0,0.43988269794721413,0.0,0.0,0.02932551319648094,0.0
Carmarthenshire,0.0,0.0,0.0,0.0,0.0,0.0,0.0,0.0,0.0,0.8695652173913043,6.956521739130435,5.217391304347826,21.73913043478261,0.0,0.0,0.0,13.91304347826087,0.0,0.0,0.0,0.0,0.0,0.0,0.0,0.0,3.4782608695652173,0.0,0.0,12.173913043478262,0.0,0.0,0.0,0.0,0.0,0.0,0.0,0.0,0.0,0.0,0.0,0.0,0.0,0.0,0.0,0.0,0.0,0.0,0.0,0.8695652173913043,0.0,0.0,0.0,0.8695652173913043,0.0,28.695652173913043,0.0,Software Development,0.0,0.0,0.0,0.0,5.217391304347826,0.0,0.0,0.0,0.0
Ceredigion,0.0,0.0,0.0,0.0,0.0,0.0,0.0,0.0,0.0,0.0,0.0,83.87096774193549,0.0,0.0,0.0,0.0,3.225806451612903,0.0,0.0,0.0,0.0,0.0,0.0,0.0,0.0,0.0,0.0,0.0,0.0,0.0,9.67741935483871,0.0,0.0,0.0,0.0,0.0,0.0,0.0,0.0,0.0,0.0,0.0,0.0,0.0,0.0,0.0,0.0,0.0,0.0,0.0,0.0,0.0,0.0,0.0,3.225806451612903,0.0,Software Development,0.0,0.0,0.0,0.0,0.0,0.0,0.0,0.0,0.0
Conwy,0.0,0.0,0.0,0.0,0.0,0.0,0.0,0.0,0.0,0.0,0.0,0.0,0.0,0.0,16.80672268907563,0.0,3.361344537815126,0.0,1.680672268907563,0.0,0.0,0.0,0.0,0.0,25.210084033613445,1.680672268907563,0.0,0.0,0.8403361344537815,0.0,0.0,0.0,0.0,2.5210084033613445,0.0,0.0,6.722689075630252,0.0,0.0,0.0,0.0,0.0,0.0,0.0,0.0,0.0,0.0,0.0,0.0,0.0,0.0,0.0,0.0,0.0,0.0,0.0,Software Development,0.0,0.0,0.0,0.0,39.49579831932773,1.680672268907563,0.0,0.0,0.0
Denbighshire,0.0,0.0,0.0,0.0,0.0,0.0,0.0,0.0,0.0,0.0,0.0,0.0,0.0,0.0,25.0,0.0,0.0,0.0,0.0,0.0,0.0,0.0,0.0,0.0,21.875,0.0,0.0,0.0,0.0,0.0,0.0,0.0,0.0,12.5,0.0,0.0,0.0,0.0,0.0,0.0,0.0,0.0,21.875,0.0,0.0,0.0,0.0,0.0,0.0,0.0,0.0,0.0,0.0,0.0,0.0,0.0,Software Development,0.0,0.0,6.25,0.0,9.375,3.125,0.0,0.0,0.0
Flintshire,0.0,0.0,0.0,0.0,0.0,0.0,0.0,0.0,0.0,0.0,0.0,0.0,0.0,0.0,60.36036036036037,0.0,2.7027027027027026,0.0,0.0,0.0,0.0,0.0,0.0,0.0,0.0,0.0,0.0,0.0,0.9009009009009009,0.0,0.9009009009009009,0.0,6.306306306306306,18.91891891891892,0.0,0.0,0.0,0.0,0.0,0.0,0.0,0.0,0.0,0.0,0.0,0.9009009009009009,0.0,0.0,0.0,0.0,0.0,0.0,0.0,0.0,0.0,0.0,Software Development,0.0,2.7027027027027026,2.7027027027027026,0.0,2.7027027027027026,0.9009009009009009,0.0,0.0,0.0
Gwynedd,0.0,0.3021148036253776,0.0,0.0,0.0,0.0,0.0,0.0,0.0,0.0,0.0,0.0,0.0,0.0,4.833836858006042,0.0,1.2084592145015105,0.0,0.0,0.0,0.0,0.0,0.0,0.0,82.4773413897281,5.13595166163142,0.0,0.0,0.3021148036253776,0.0,0.0,4.229607250755287,0.0,1.2084592145015105,0.0,0.0,0.0,0.0,0.0,0.0,0.0,0.0,0.0,0.0,0.0,0.0,0.0,0.0,0.0,0.0,0.0,0.0,0.0,0.0,0.0,0.0,Software Development,0.3021148036253776,0.0,0.0,0.0,0.0,0.0,0.0,0.0,0.0
Isle of Anglesey,0.0,0.0,0.0,0.0,0.0,0.0,0.0,0.0,0.0,0.0,4.0,0.0,0.0,0.0,0.0,0.0,0.0,0.0,0.0,0.0,0.0,0.0,0.0,0.0,92.0,0.0,0.0,0.0,4.0,0.0,0.0,0.0,0.0,0.0,0.0,0.0,0.0,0.0,0.0,0.0,0.0,0.0,0.0,0.0,0.0,0.0,0.0,0.0,0.0,0.0,0.0,0.0,0.0,0.0,0.0,0.0,Software Development,0.0,0.0,0.0,0.0,0.0,0.0,0.0,0.0,0.0
Merthyr Tydfil,0.0,0.0,0.0,0.0,0.0,0.0,0.0,0.0,50.0,0.0,0.0,50.0,0.0,0.0,0.0,0.0,0.0,0.0,0.0,0.0,0.0,0.0,0.0,0.0,0.0,0.0,0.0,0.0,0.0,0.0,0.0,0.0,0.0,0.0,0.0,0.0,0.0,0.0,0.0,0.0,0.0,0.0,0.0,0.0,0.0,0.0,0.0,0.0,0.0,0.0,0.0,0.0,0.0,0.0,0.0,0.0,Software Development,0.0,0.0,0.0,0.0,0.0,0.0,0.0,0.0,0.0
Monmouthshire,0.0,0.0,16.19047619047619,0.0,0.9523809523809524,0.0,0.0,0.0,44.761904761904766,0.0,0.0,20.952380952380953,0.0,0.9523809523809524,0.0,0.0,0.9523809523809524,0.9523809523809524,0.0,0.0,0.0,0.0,0.0,0.0,0.0,0.0,0.0,3.8095238095238098,0.0,0.0,0.0,0.0,0.0,0.0,0.0,6.666666666666667,0.0,0.0,0.0,0.0,0.0,0.0,2.857142857142857,0.0,0.0,0.0,0.0,0.0,0.0,0.0,0.0,0.0,0.0,0.0,0.0,0.0,Software Development,0.0,0.0,0.0,0.0,0.0,0.0,0.0,0.0,0.9523809523809524
Neath Port Talbot,0.0,0.0,0.0,0.0,0.0,0.0,0.0,0.0,0.0,0.0,0.0,66.0,0.0,0.0,0.0,0.0,0.0,0.0,0.0,0.0,0.0,0.0,0.0,0.0,0.0,0.0,0.0,0.0,0.0,0.0,0.0,0.0,0.0,0.0,0.0,0.0,0.0,0.0,0.0,0.0,0.0,0.0,0.0,0.0,0.0,0.0,0.0,0.0,0.0,0.0,0.0,0.0,0.0,0.0,34.0,0.0,Software Development,0.0,0.0,0.0,0.0,0.0,0.0,0.0,0.0,0.0
Newport,0.0,0.0,4.280155642023346,0.0,0.0,0.0,0.0,0.0,13.229571984435799,0.0,0.0,76.65369649805449,0.0,0.0,0.0,0.38910505836575876,1.9455252918287937,0.0,0.0,0.0,0.0,0.0,0.0,0.0,0.0,0.0,0.0,0.0,0.7782101167315175,0.0,0.0,0.0,0.0,1.1673151750972763,0.0,0.0,0.0,0.0,0.0,0.0,0.0,0.0,0.0,0.0,0.0,0.0,0.0,0.0,0.0,0.0,0.0,0.0,0.0,0.0,0.38910505836575876,0.38910505836575876,Software Development,0.0,0.0,0.0,0.0,0.7782101167315175,0.0,0.0,0.0,0.0
Pembrokeshire,0.0,0.0,0.0,0.0,0.0,0.0,0.0,0.0,2.0,0.0,0.0,24.0,0.0,0.0,0.0,0.0,4.0,0.0,0.0,0.0,0.0,0.0,0.0,0.0,0.0,0.0,0.0,0.0,0.0,0.0,0.0,0.0,0.0,0.0,0.0,0.0,0.0,0.0,0.0,0.0,30.0,36.0,0.0,0.0,0.0,0.0,0.0,0.0,0.0,0.0,0.0,0.0,0.0,0.0,4.0,0.0,Software Development,0.0,0.0,0.0,0.0,0.0,0.0,0.0,0.0,0.0
Powys,1.3888888888888888,0.0,0.0,0.0,6.944444444444445,0.0,0.0,0.0,0.0,0.0,25.0,2.7777777777777777,0.0,0.0,0.0,0.0,2.7777777777777777,0.0,0.0,0.0,0.0,0.0,0.0,0.0,0.0,0.0,0.0,0.0,0.0,0.0,0.0,0.0,0.0,0.0,0.0,0.0,0.0,0.0,0.0,0.0,0.0,0.0,0.0,0.0,0.0,0.0,0.0,4.166666666666666,0.0,0.0,0.0,0.0,23.61111111111111,0.0,19.444444444444446,0.0,Software Development,0.0,0.0,1.3888888888888888,0.0,12.5,0.0,0.0,0.0,0.0
Rhondda Cynon Taf,0.0,0.0,0.0,0.0,1.7543859649122806,0.0,0.0,0.8771929824561403,3.508771929824561,0.0,0.8771929824561403,56.14035087719298,0.0,0.0,0.8771929824561403,0.0,10.526315789473683,0.0,0.0,0.0,0.0,0.0,0.0,0.0,0.0,0.0,0.0,0.0,0.8771929824561403,0.0,0.0,0.0,0.0,1.7543859649122806,0.0,0.0,0.0,0.0,0.0,0.0,0.0,0.0,0.0,0.0,0.0,0.0,0.0,0.0,0.0,0.0,0.0,0.8771929824561403,0.0,0.0,7.894736842105263,0.0,Software Development,2.631578947368421,0.0,0.0,0.0,11.403508771929824,0.0,0.0,0.0,0.0
Swansea,0.0,0.0,0.0,0.0,0.0,0.0,0.13054830287206268,0.5221932114882507,2.219321148825065,0.0,0.13054830287206268,8.485639686684072,0.0,0.0,0.0,0.0,3.1331592689295036,0.0,0.0,0.0,0.0,0.0,0.0,0.0,0.0,0.13054830287206268,0.0,0.0,0.13054830287206268,0.13054830287206268,0.0,0.0,0.0,0.39164490861618795,0.0,0.0,0.9138381201044387,0.0,0.0,0.0,0.13054830287206268,0.0,0.0,0.0,0.0,0.0,0.0,0.0,0.0,0.0,0.0,0.0,0.0,0.0,79.50391644908616,0.0,Software Development,0.0,0.0,0.0,0.0,3.91644908616188,0.0,0.0,0.13054830287206268,0.0
Torfaen,0.0,0.0,0.0,0.0,0.0,0.0,0.0,0.0,7.4074074074074066,0.0,0.0,88.88888888888889,0.0,0.0,0.0,0.0,0.0,0.0,0.0,0.0,0.0,0.0,0.0,0.0,0.0,0.0,0.0,0.0,0.0,0.0,0.0,0.0,0.0,0.0,0.0,0.0,0.0,0.0,0.0,0.0,0.0,0.0,0.0,0.0,0.0,0.0,0.0,0.0,0.0,0.0,0.0,0.0,0.0,0.0,0.0,0.0,Software Development,0.0,0.0,0.0,0.0,3.7037037037037033,0.0,0.0,0.0,0.0
Vale of Glamorgan,0.0,0.0,0.0,0.0,3.4482758620689653,0.0,0.0,1.7241379310344827,11.494252873563218,0.0,2.8735632183908044,63.793103448275865,0.0,0.0,0.0,0.0,5.747126436781609,0.0,0.0,0.0,0.0,0.0,0.0,0.0,0.0,0.5747126436781609,0.5747126436781609,0.0,5.172413793103448,0.0,0.0,0.5747126436781609,0.0,0.0,0.0,0.0,0.0,0.0,0.0,0.0,0.0,0.0,0.0,0.0,0.0,0.0,0.0,0.0,0.0,0.0,0.0,0.0,0.0,0.0,1.1494252873563218,0.0,Software Development,0.0,0.0,0.0,0.0,2.8735632183908044,0.0,0.0,0.0,0.0
Wrexham,0.0,0.0,0.0,0.0,0.0,0.0,0.0,0.0,0.0,0.0,0.0,1.6129032258064515,0.0,0.0,27.419354838709676,0.0,14.516129032258066,0.0,0.0,0.0,11.29032258064516,0.0,0.0,0.0,1.6129032258064515,0.0,0.0,0.0,0.0,0.0,0.0,0.0,3.225806451612903,17.741935483870968,0.0,0.0,0.0,0.0,0.0,0.0,0.0,0.0,0.0,11.29032258064516,0.0,0.0,0.0,6.451612903225806,0.0,0.0,0.0,0.0,0.0,0.0,0.0,0.0,Software Development,0.0,0.0,3.225806451612903,0.0,1.6129032258064515,0.0,0.0,0.0,0.0
